company,symbol,weight,current_price,ytd_return
Apple Inc.,AAPL,6.940598,   144.00, -19.05%
Microsoft Corporation,MSFT,5.685,   236.16, -29.09%
Amazon.com Inc.,AMZN,3.296234,   115.13, -30.21%
Alphabet Inc. Class A,GOOGL,1.931161,   99.91, -30.43%
Tesla Inc,TSLA,1.87443,   214.29, -37.49%
Alphabet Inc. Class C,GOOG,1.737528,   100.60, -29.92%
Berkshire Hathaway Inc. Class B,BRK.B,1.625324,   278.50, -5.80%
UnitedHealth Group Incorporated,UNH,1.561198,   520.35, 4.00%
Johnson & Johnson,JNJ,1.395012,   164.69, -2.96%
Exxon Mobil Corporation,XOM,1.342694,   103.90, 64.73%
JPMorgan Chase & Co.,JPM,1.113873,   116.51, -24.95%
Procter & Gamble Company,PG,0.980973,   129.88, -21.52%
Visa Inc. Class A,V,0.978093,   186.43, -13.63%
Meta Platforms Inc. Class A,META,0.968024,   133.22, -60.52%
NVIDIA Corporation,NVDA,0.957737,   120.00, -59.31%
Chevron Corporation,CVX,0.936579,   168.35, 38.66%
Home Depot Inc.,HD,0.936381,   275.29, -31.31%
Eli Lilly and Company,LLY,0.844479,   330.21, 21.29%
Mastercard Incorporated Class A,MA,0.819133,   297.76, -16.40%
AbbVie Inc.,ABBV,0.817142,   143.23, 6.79%
Pfizer Inc.,PFE,0.791707,   43.12, -25.33%
Bank of America Corp,BAC,0.780144,   33.94, -21.60%
PepsiCo Inc.,PEP,0.772021,   173.68, 0.78%
Merck & Co. Inc.,MRK,0.766838,   93.01, 23.45%
Coca-Cola Company,KO,0.702325,   55.99, -4.68%
Costco Wholesale Corporation,COST,0.67076,   471.20, -16.63%
Thermo Fisher Scientific Inc.,TMO,0.657331,   505.52, -21.41%
Walmart Inc.,WMT,0.611749,   133.75, -7.29%
Abbott Laboratories,ABT,0.588201,   98.07, -25.41%
McDonald's Corporation,MCD,0.58645099999999994,   250.28, -7.04%
Walt Disney Company,DIS,0.574424,   98.93, -36.42%
Broadcom Inc.,AVGO,0.561773,   435.46, -34.65%
Danaher Corporation,DHR,0.556291,   258.00, -19.28%
Cisco Systems Inc.,CSCO,0.553686,   42.02, -34.05%
Wells Fargo & Company,WFC,0.54211,   43.72, -6.90%
Accenture Plc Class A,ACN,0.533468,   264.50, -36.30%
Verizon Communications Inc.,VZ,0.49811,   36.60, -28.66%
Bristol-Myers Squibb Company,BMY,0.490111,   71.34, 15.06%
Salesforce Inc.,CRM,0.488762,   154.69, -39.59%
ConocoPhillips,COP,0.480177,   121.99, 68.95%
NextEra Energy Inc.,NEE,0.471853,   73.86, -19.60%
Linde plc,LIN,0.453872,   283.90, -17.83%
Texas Instruments Incorporated,TXN,0.44293,   153.65, -19.61%
Adobe Incorporated,ADBE,0.438677,   299.60, -48.33%
Comcast Corporation Class A,CMCSA,0.433265,   30.38, -38.90%
Amgen Inc.,AMGN,0.431506,   250.00, 12.07%
Philip Morris International Inc.,PM,0.428074,   86.83, -9.15%
Raytheon Technologies Corporation,RTX,0.412695,   88.38, 1.51%
Union Pacific Corporation,UNP,0.402692,   203.09, -19.96%
QUALCOMM Incorporated,QCOM,0.399584,   113.01, -39.19%
Lowe's Companies Inc.,LOW,0.395081,   184.50, -25.26%
United Parcel Service Inc. Class B,UPS,0.391146,   166.90, -22.09%
Honeywell International Inc.,HON,0.387715,   179.28, -13.73%
CVS Health Corporation,CVS,0.38618,   91.80, -10.88%
Intuit Inc.,INTU,0.368108,   401.80, -36.47%
Elevance Health Inc.,ELV,0.367322,   485.00, 3.18%
NIKE Inc. Class B,NKE,0.362574,   88.75, -46.19%
Medtronic Plc,MDT,0.357528,   84.15, -18.70%
AT&T Inc.,T,0.3553,   15.57, -16.04%
International Business Machines Corporation,IBM,0.355256,   128.29, -8.02%
Netflix Inc.,NFLX,0.34271,   272.13, -60.02%
Goldman Sachs Group Inc.,GS,0.342611,   311.76, -17.96%
Morgan Stanley,MS,0.340362,   77.84, -19.07%
Intel Corporation,INTC,0.339856,   26.07, -49.77%
Charles Schwab Corp,SCHW,0.335186,   68.57, -18.42%
Deere & Company,DE,0.330081,   371.50, 8.29%
S&P Global Inc.,SPGI,0.327904,   296.87, -36.26%
Lockheed Martin Corporation,LMT,0.3262,   439.96, 21.50%
Oracle Corporation,ORCL,0.325774,   66.57, -23.14%
Starbucks Corporation,SBUX,0.325545,   87.28, -23.95%
PayPal Holdings Inc.,PYPL,0.316084,   85.29, -54.77%
Automatic Data Processing Inc.,ADP,0.31237,   232.48, -4.69%
Prologis Inc.,PLD,0.310896,   102.55, -37.13%
Caterpillar Inc.,CAT,0.310026,   184.70, -11.22%
Advanced Micro Devices Inc.,AMD,0.29934500000000003,   57.14, -59.75%
American Tower Corporation,AMT,0.29379,   190.10, -32.57%
Cigna Corporation,CI,0.286764,   291.40, 27.92%
BlackRock Inc.,BLK,0.280261,   576.00, -36.54%
American Express Company,AXP,0.280168,   143.65, -10.76%
Citigroup Inc.,C,0.273447,   43.36, -26.89%
Gilead Sciences Inc.,GILD,0.268155,   66.19, -7.91%
T-Mobile US Inc.,TMUS,0.262238,   135.74, 17.40%
Chubb Limited,CB,0.260107,   196.50, 0.69%
Altria Group Inc,MO,0.257956,   44.71, -5.53%
Mondelez International Inc. Class A,MDLZ,0.255876,   57.70, -12.00%
Marsh & McLennan Companies Inc.,MMC,0.251404,   156.97, -9.39%
TJX Companies Inc,TJX,0.250336,   66.65, -11.97%
Regeneron Pharmaceuticals Inc.,REGN,0.247848,   709.37, 14.44%
General Electric Company,GE,0.247247,   70.61, -25.16%
Vertex Pharmaceuticals Incorporated,VRTX,0.2463,   292.00, 36.69%
Boeing Company,BA,0.245281,   138.46, -31.78%
Northrop Grumman Corp.,NOC,0.235556,   509.90, 30.93%
Analog Devices Inc.,ADI,0.234712,   138.50, -19.72%
Target Corporation,TGT,0.233269,   156.00, -32.06%
EOG Resources Inc.,EOG,0.232481,   130.08, 46.68%
Stryker Corporation,SYK,0.231535,   216.69, -19.63%
ServiceNow Inc.,NOW,0.230608,   355.50, -45.03%
Booking Holdings Inc.,BKNG,0.225525,"   1,771.82", -26.06%
Zoetis Inc. Class A,ZTS,0.225059,   148.13, -38.36%
Progressive Corporation,PGR,0.224351,   123.00, 17.16%
Duke Energy Corporation,DUK,0.223002,   89.29, -13.43%
Southern Company,SO,0.222396,   64.69, -4.65%
Intuitive Surgical Inc.,ISRG,0.22179,   211.85, -46.08%
Becton Dickinson and Company,BDX,0.210444,   225.75, -8.29%
Applied Materials Inc.,AMAT,0.209396,   77.73, -52.19%
PNC Financial Services Group Inc.,PNC,0.204818,   151.70, -22.12%
3M Company,MMM,0.20472,   113.33, -34.72%
Humana Inc.,HUM,0.202401,   496.00, 8.15%
CME Group Inc. Class A,CME,0.199261,   172.80, -23.72%
Fiserv Inc.,FISV,0.198843,   95.87, -6.38%
Schlumberger NV,SLB,0.1955,   45.56, 44.77%
Colgate-Palmolive Company,CL,0.194933,   71.75, -14.55%
CSX Corporation,CSX,0.194632,   27.78, -24.44%
Waste Management Inc.,WM,0.1939,   161.08, -3.46%
Aon Plc Class A,AON,0.188989,   280.93, -6.73%
Boston Scientific Corporation,BSX,0.187332,   40.88, -3.30%
Pioneer Natural Resources Company,PXD,0.186712,   251.01, 34.45%
Micron Technology Inc.,MU,0.185507,   52.91, -43.59%
U.S. Bancorp,USB,0.185153,   41.30, -23.80%
Crown Castle Inc.,CCI,0.18423900000000001,   130.00, -36.10%
Truist Financial Corporation,TFC,0.183483,   42.40, -25.93%
Eaton Corp. Plc,ETN,0.179224,   139.75, -18.62%
Dominion Energy Inc,D,0.17724,   65.00, -15.30%
Illinois Tool Works Inc.,ITW,0.174281,   216.60, -21.65%
Marathon Petroleum Corporation,MPC,0.172558,   108.90, 69.03%
Dollar General Corporation,DG,0.172366,   236.20, 0.75%
Air Products and Chemicals Inc.,APD,0.171435,   241.45, -20.34%
Edwards Lifesciences Corporation,EW,0.17132,   85.95, -33.42%
General Dynamics Corporation,GD,0.170854,   241.38, 13.92%
Norfolk Southern Corporation,NSC,0.167074,   258.60, -25.32%
McKesson Corporation,MCK,0.165983,   360.66, 45.18%
Intercontinental Exchange Inc.,ICE,0.165477,   91.55, -32.21%
Activision Blizzard Inc.,ATVI,0.164588,   72.22, 8.61%
Occidental Petroleum Corporation,OXY,0.161605,   68.60, 133.80%
Sherwin-Williams Company,SHW,0.160464,   207.24, -39.62%
General Motors Company,GM,0.159284,   33.70, -41.58%
Estee Lauder Companies Inc. Class A,EL,0.159137,   212.89, -41.86%
Archer-Daniels-Midland Company,ADM,0.157511,   88.30, 29.86%
Equinix Inc.,EQIX,0.156839,   525.52, -36.13%
Emerson Electric Co.,EMR,0.154589,   81.20, -12.23%
Fidelity National Information Services Inc.,FIS,0.152106,   76.73, -28.46%
Ford Motor Company,F,0.15201,   12.09, -42.08%
O'Reilly Automotive Inc.,ORLY,0.151397,   737.72, 5.08%
Public Storage,PSA,0.150249,   290.90, -17.77%
General Mills Inc.,GIS,0.149209,   78.23, 16.16%
Valero Energy Corporation,VLO,0.148365,   123.96, 56.70%
Phillips 66,PSX,0.147489,   97.95, 32.64%
Devon Energy Corporation,DVN,0.146169,   72.05, 58.39%
Sempra Energy,SRE,0.145768,   143.74, 9.93%
L3Harris Technologies Inc,LHX,0.145491,   237.61, 10.95%
HCA Healthcare Inc,HCA,0.144668,   209.19, -18.25%
MetLife Inc.,MET,0.144438,   67.34, 7.83%
Moderna Inc.,MRNA,0.144328,   123.85, -47.20%
AutoZone Inc.,AZO,0.144057,"   2,289.80", 10.04%
Synopsys Inc.,SNPS,0.142696,   288.96, -20.69%
American Electric Power Company Inc.,AEP,0.141832,   86.00, -2.69%
Corteva Inc,CTVA,0.141528,   61.37, 30.33%
Lam Research Corporation,LRCX,0.141128,   337.00, -55.22%
Autodesk Inc.,ADSK,0.139954,   197.24, -28.62%
Centene Corporation,CNC,0.137746,   75.72, -8.59%
Chipotle Mexican Grill Inc.,CMG,0.137045,"   1,527.21", -11.68%
Cadence Design Systems Inc.,CDNS,0.136409,   153.72, -16.52%
Amphenol Corporation Class A,APH,0.132856,   72.55, -19.88%
Marriott International Inc. Class A,MAR,0.131562,   149.90, -9.23%
Freeport-McMoRan Inc.,FCX,0.130351,   28.50, -31.73%
American International Group Inc.,AIG,0.127974,   52.75, -7.49%
Agilent Technologies Inc.,A,0.126893,   128.96, -17.13%
Roper Technologies Inc.,ROP,0.126817,   371.43, -23.68%
Travelers Companies Inc.,TRV,0.126651,   173.56, 6.61%
Biogen Inc.,BIIB,0.125962,   265.01, 12.65%
Sysco Corporation,SYY,0.125516,   76.50, -1.97%
Kimberly-Clark Corporation,KMB,0.124741,   114.94, -19.20%
Moody's Corporation,MCO,0.124183,   241.88, -37.03%
Capital One Financial Corp,COF,0.122304,   95.71, -31.36%
KLA Corporation,KLAC,0.121933,   273.99, -37.51%
DexCom Inc.,DXCM,0.121361,   97.00, -27.79%
Motorola Solutions Inc.,MSI,0.120901,   222.15, -17.08%
Exelon Corporation,EXC,0.11918,   36.85, -8.83%
FedEx Corporation,FDX,0.118897,   152.95, -39.57%
Allstate Corporation,ALL,0.118803,   135.15, 16.77%
Williams Companies Inc.,WMB,0.118675,   30.88, 16.90%
Arthur J. Gallagher & Co.,AJG,0.11855,   178.05, 3.81%
NXP Semiconductors NV,NXPI,0.118305,   141.32, -38.12%
Johnson Controls International plc,JCI,0.117285,   52.41, -34.55%
Ecolab Inc.,ECL,0.11681,   146.64, -36.88%
Charter Communications Inc. Class A,CHTR,0.116658,   323.50, -49.56%
Realty Income Corporation,O,0.115849,   58.01, -18.10%
Prudential Financial Inc.,PRU,0.11573,   96.06, -10.07%
TE Connectivity Ltd.,TEL,0.115547,   112.03, -30.02%
Constellation Brands Inc. Class A,STZ,0.115439,   227.26, -9.75%
Paychex Inc.,PAYX,0.11509,   139.16, -16.94%
Hilton Worldwide Holdings Inc,HLT,0.113562,   128.60, -17.56%
Kinder Morgan Inc Class P,KMI,0.112721,   17.75, 12.04%
Twitter Inc.,TWTR,0.111393,   51.93, 19.81%
Monster Beverage Corporation,MNST,0.111347,   88.24, -5.79%
Trane Technologies plc,TT,0.111341,   145.14, -25.79%
Hess Corporation,HES,0.111231,   130.09, 70.01%
Aflac Incorporated,AFL,0.110742,   60.14, 3.08%
Cintas Corporation,CTAS,0.110647,   400.25, -9.27%
IQVIA Holdings Inc,IQV,0.110002,   178.39, -34.67%
Parker-Hannifin Corporation,PH,0.109151,   265.58, -16.12%
Enphase Energy Inc.,ENPH,0.108954,   243.98, 37.43%
Fortinet Inc.,FTNT,0.107967,   51.51, -28.27%
Xcel Energy Inc.,XEL,0.107065,   61.10, -8.98%
Hershey Company,HSY,0.106813,   229.70, 17.49%
Dow Inc.,DOW,0.106572,   45.00, -18.23%
M&T Bank Corporation,MTB,0.106417,   163.10, 23.30%
Newmont Corporation,NEM,0.105632,   40.42, -32.76%
MSCI Inc. Class A,MSCI,0.105603,   398.79, -33.32%
Microchip Technology Incorporated,MCHP,0.104423,   61.00, -31.92%
Keurig Dr Pepper Inc.,KDP,0.104306,   37.78, 4.10%
Electronic Arts Inc.,EA,0.104267,   126.00, -6.47%
Nucor Corporation,NUE,0.104263,   123.48, 9.03%
Illumina Inc.,ILMN,0.1036,   204.51, -45.15%
Simon Property Group Inc.,SPG,0.102771,   98.03, -38.25%
ResMed Inc.,RMD,0.101861,   215.30, -15.96%
Yum! Brands Inc.,YUM,0.101447,   110.45, -19.72%
Cognizant Technology Solutions Corporation Class A,CTSH,0.101131,   59.89, -31.56%
Cummins Inc.,CMI,0.100924,   224.76, 2.66%
Global Payments Inc.,GPN,0.100795,   112.67, -15.91%
PACCAR Inc,PCAR,0.099832,   90.74, 2.76%
Carrier Global Corp.,CARR,0.097813,   34.89, -33.04%
Consolidated Edison Inc.,ED,0.095487,   84.54, -0.38%
Ross Stores Inc.,ROST,0.094682,   83.66, -25.92%
Dollar Tree Inc.,DLTR,0.094397,   141.60, -0.53%
Bank of New York Mellon Corp,BK,0.094031,   39.02, -31.20%
VICI Properties Inc,VICI,0.094024,   29.56, 1.66%
Albemarle Corporation,ALB,0.093293,   256.50, 7.66%
CoStar Group Inc.,CSGP,0.092927,   72.29, -7.19%
Ameriprise Financial Inc.,AMP,0.09292,   264.30, -10.99%
Keysight Technologies Inc,KEYS,0.092796,   161.00, -21.94%
Kraft Heinz Company,KHC,0.091924,   35.93, 0.47%
IDEXX Laboratories Inc.,IDXX,0.091154,   335.49, -48.04%
Warner Bros. Discovery Inc. Series A,WBD,0.090424,   12.62, -45.28%
Kroger Co.,KR,0.090295,   42.88, -4.64%
Otis Worldwide Corporation,OTIS,0.090218,   66.28, -23.38%
Welltower Inc,WELL,0.089946,   59.33, -29.26%
SBA Communications Corp. Class A,SBAC,0.089667,   252.49, -33.61%
Constellation Energy Corporation,CEG,0.089396,   85.69, 132.37%
Baxter International Inc.,BAX,0.089301,   55.32, -35.23%
Public Service Enterprise Group Inc,PEG,0.089238,   54.80, -16.54%
TransDigm Group Incorporated,TDG,0.089103,   541.50, -12.56%
Digital Realty Trust Inc.,DLR,0.089044,   96.00, -45.25%
DuPont de Nemours Inc.,DD,0.088418,   53.56, -31.70%
Republic Services Inc.,RSG,0.087831,   133.98, -4.16%
PPG Industries Inc.,PPG,0.087794,   113.75, -32.30%
WEC Energy Group Inc,WEC,0.087779,   107.40, -9.56%
Verisk Analytics Inc,VRSK,0.087313,   169.36, -23.99%
AMETEK Inc.,AME,0.087287,   117.99, -18.99%
Halliburton Company,HAL,0.087103,   32.12, 33.19%
Rockwell Automation Inc.,ROK,0.087043,   233.93, -32.12%
Fastenal Company,FAST,0.086504,   45.30, -25.88%
Mettler-Toledo International Inc.,MTD,0.086347,"   1,166.97", -29.30%
ON Semiconductor Corporation,ON,0.084162,   60.77, -10.59%
Discover Financial Services,DFS,0.084159,   94.08, -16.68%
Eversource Energy,ES,0.084082,   93.96, -16.62%
Arista Networks Inc.,ANET,0.083806,   105.11, -26.07%
Diamondback Energy Inc.,FANG,0.080664,   146.05, 31.53%
Old Dominion Freight Line Inc.,ODFL,0.078729,   260.01, -25.04%
AvalonBay Communities Inc.,AVB,0.078678,   173.35, -29.63%
ONEOK Inc.,OKE,0.078662,   55.69, -5.26%
Baker Hughes Company Class A,BKR,0.078273,   25.65, 0.50%
American Water Works Company Inc.,AWK,0.077562,   134.00, -28.64%
W.W. Grainger Inc.,GWW,0.077019,   516.00, 2.58%
Corning Inc,GLW,0.076381,   31.42, -15.39%
Copart Inc.,CPRT,0.076258,   110.95, -25.77%
T. Rowe Price Group,TROW,0.075903,   101.76, -47.05%
Fifth Third Bancorp,FITB,0.075662,   33.26, -19.95%
Aptiv PLC,APTV,0.075601,   85.95, -46.55%
Walgreens Boots Alliance Inc.,WBA,0.075318,   33.48, -36.54%
International Flavors & Fragrances Inc.,IFF,0.074919,   92.55, -38.47%
Coterra Energy Inc.,CTRA,0.07486,   30.15, 54.95%
Willis Towers Watson Public Limited Company,WTW,0.074753,   208.56, -11.44%
State Street Corporation,STT,0.074682,   63.00, -30.73%
HP Inc.,HPQ,0.074395,   25.87, -32.17%
Gartner Inc.,IT,0.07341,   286.27, -13.24%
D.R. Horton Inc.,DHI,0.073188,   67.79, -33.28%
Genuine Parts Company,GPC,0.072912,   158.97, 14.57%
Extra Space Storage Inc.,EXR,0.072485,   165.92, -24.63%
CBRE Group Inc. Class A,CBRE,0.072172,   67.83, -35.24%
Zimmer Biomet Holdings Inc.,ZBH,0.072161,   108.12, -14.18%
Tractor Supply Company,TSCO,0.07203,   196.32, -14.99%
PG&E Corporation,PCG,0.071911,   14.05, 16.56%
AmerisourceBergen Corporation,ABC,0.071607,   142.00, 8.35%
Weyerhaeuser Company,WY,0.070914,   29.05, -24.87%
Equity Residential,EQR,0.070202,   63.63, -28.17%
Fortive Corp.,FTV,0.070029,   60.67, -19.18%
CDW Corp.,CDW,0.069425,   159.47, -21.29%
Edison International,EIX,0.069119,   55.95, -15.87%
Hartford Financial Services Group Inc.,HIG,0.069067,   68.00, -3.24%
First Republic Bank,FRC,0.068514,   111.79, -43.24%
eBay Inc.,EBAY,0.067683,   37.75, -42.11%
DTE Energy Company,DTE,0.067507,   108.63, -8.07%
Ulta Beauty Inc.,ULTA,0.067468,   386.26, -1.78%
Entergy Corporation,ETR,0.067102,   100.37, -8.18%
Molina Healthcare Inc.,MOH,0.066937,   353.21, 13.05%
Vulcan Materials Company,VMC,0.06679,   154.77, -23.51%
United Rentals Inc.,URI,0.06611,   286.85, -11.11%
LyondellBasell Industries NV,LYB,0.065308,   79.00, -13.02%
Delta Air Lines Inc.,DAL,0.065257,   32.49, -17.68%
Regions Financial Corporation,RF,0.065243,   20.90, -0.64%
Ameren Corporation,AEE,0.064801,   78.56, -10.84%
FirstEnergy Corp.,FE,0.064801,   36.92, -10.29%
Huntington Bancshares Incorporated,HBAN,0.064794,   13.62, -8.50%
Equifax Inc.,EFX,0.064092,   160.79, -43.32%
CF Industries Holdings Inc.,CF,0.063904,   101.18, 41.62%
Raymond James Financial Inc.,RJF,0.063713,   100.00, 2.35%
Alexandria Real Estate Equities Inc.,ARE,0.063366,   130.59, -40.01%
Martin Marietta Materials Inc.,MLM,0.063344,   313.34, -27.30%
Lennar Corporation Class A,LEN,0.062724,   72.43, -33.82%
Southwest Airlines Co.,LUV,0.062477,   33.10, -22.25%
EPAM Systems Inc.,EPAM,0.062398,   331.50, -49.14%
Nasdaq Inc.,NDAQ,0.062054,   58.00, -18.28%
Invitation Homes Inc.,INVH,0.061759,   32.50, -26.58%
Laboratory Corporation of America Holdings,LH,0.061623,   208.82, -32.21%
Cardinal Health Inc.,CAH,0.061599,   70.56, 37.23%
Tyson Foods Inc. Class A,TSN,0.061382,   64.89, -24.62%
SVB Financial Group,SIVB,0.061326,   321.00, -51.34%
West Pharmaceutical Services Inc.,WST,0.061321,   245.00, -44.22%
Take-Two Interactive Software Inc.,TTWO,0.060944,   122.47, -31.75%
Quanta Services Inc.,PWR,0.060491,   132.57, 16.36%
Ingersoll Rand Inc.,IR,0.060372,   46.31, -24.00%
ANSYS Inc.,ANSS,0.05992,   214.19, -45.91%
Principal Financial Group Inc.,PFG,0.059842,   78.77, 10.44%
Marathon Oil Corporation,MRO,0.059748,   28.35, 67.84%
PPL Corporation,PPL,0.059741,   25.33, -15.54%
Kellogg Company,K,0.05918,   73.99, 14.08%
McCormick & Company Incorporated,MKC,0.058921,   74.69, -22.77%
Citizens Financial Group Inc.,CFG,0.058135,   36.72, -21.82%
Northern Trust Corporation,NTRS,0.057878,   79.51, -26.75%
Church & Dwight Co. Inc.,CHD,0.057218,   73.62, -27.96%
Dover Corporation,DOV,0.0563,   121.36, -32.04%
Mosaic Company,MOS,0.056132,   50.30, 29.32%
Waters Corporation,WAT,0.055169,   277.36, -23.79%
Mid-America Apartment Communities Inc.,MAA,0.055034,   147.61, -34.32%
VeriSign Inc.,VRSN,0.054604,   182.10, -27.95%
STERIS Plc,STE,0.0544,   167.13, -29.83%
Amcor PLC,AMCR,0.053891,   10.96, -6.74%
CenterPoint Energy Inc.,CNP,0.053852,   27.00, -3.40%
Broadridge Financial Solutions Inc.,BR,0.053568,   143.50, -20.38%
Xylem Inc.,XYL,0.053457,   92.90, -21.96%
Hewlett Packard Enterprise Co.,HPE,0.053285,   12.60, -18.39%
Conagra Brands Inc.,CAG,0.053181,   34.93, 2.28%
Clorox Company,CLX,0.052617,   134.84, -22.49%
Darden Restaurants Inc.,DRI,0.052341,   133.00, -11.42%
PerkinElmer Inc.,PKI,0.052272,   127.66, -35.16%
CMS Energy Corporation,CMS,0.052103,   55.63, -13.05%
Cincinnati Financial Corporation,CINF,0.051738,   101.04, -10.83%
AES Corporation,AES,0.051543,   23.10, 0.41%
Teledyne Technologies Incorporated,TDY,0.05129,   348.51, -20.77%
Hologic Inc.,HOLX,0.051186,   62.17, -16.63%
Westinghouse Air Brake Technologies Corporation,WAB,0.050815,   87.10, -5.20%
Ball Corporation,BALL,0.050409,   49.46, -47.93%
Synchrony Financial,SYF,0.050235,   31.59, -29.75%
Paycom Software Inc.,PAYC,0.050185,   320.50, -20.73%
KeyCorp,KEY,0.050179,   16.50, -26.59%
IDEX Corporation,IEX,0.049643,   204.06, -12.78%
FactSet Research Systems Inc.,FDS,0.049188,   406.10, -15.79%
Quest Diagnostics Incorporated,DGX,0.049032,   126.66, -25.10%
Align Technology Inc.,ALGN,0.048894,   204.50, -68.05%
J.M. Smucker Company,SJM,0.04883,   143.85, 4.73%
EQT Corporation,EQT,0.048824,   42.25, 91.70%
Expeditors International of Washington Inc.,EXPD,0.048543,   91.01, -30.93%
Targa Resources Corp.,TRGP,0.048528,   67.57, 28.52%
Ventas Inc.,VTR,0.048312,   37.12, -25.45%
Essex Property Trust Inc.,ESS,0.048095,   227.12, -33.77%
Jacobs Solutions Inc.,J,0.047783,   114.15, -16.84%
FMC Corporation,FMC,0.047434,   116.67, 7.10%
Expedia Group Inc.,EXPE,0.046898,   96.30, -45.71%
W. R. Berkley Corporation,WRB,0.046875,   71.46, 30.72%
Brown & Brown Inc.,BRO,0.046057,   63.74, -11.55%
Omnicom Group Inc,OMC,0.046034,   68.41, -5.45%
Avery Dennison Corporation,AVY,0.045488,   171.27, -20.03%
Atmos Energy Corporation,ATO,0.04513,   102.04, -2.88%
Monolithic Power Systems Inc.,MPWR,0.044865,   314.83, -36.03%
J.B. Hunt Transport Services Inc.,JBHT,0.044734,   167.96, -17.86%
NetApp Inc.,NTAP,0.044566,   63.10, -31.80%
Trimble Inc.,TRMB,0.044446,   54.83, -36.05%
Jack Henry & Associates Inc.,JKHY,0.044195,   187.11, 13.15%
Tyler Technologies Inc.,TYL,0.044018,   336.37, -36.91%
Zebra Technologies Corporation Class A,ZBRA,0.043714,   260.46, -55.66%
Akamai Technologies Inc.,AKAM,0.043535,   82.83, -27.90%
Iron Mountain Inc.,IRM,0.043404,   46.30, -9.94%
Best Buy Co. Inc.,BBY,0.042973,   63.86, -34.49%
LKQ Corporation,LKQ,0.042894,   51.15, -14.31%
Catalent Inc,CTLT,0.04269,   71.08, -41.47%
Evergy Inc.,EVRG,0.042684,   58.32, -14.23%
Incyte Corporation,INCY,0.042396,   69.59, -3.12%
Hormel Foods Corporation,HRL,0.042383,   46.12, -6.23%
Textron Inc.,TXT,0.042321,   61.84, -18.98%
Skyworks Solutions Inc.,SWKS,0.041993,   81.55, -47.22%
APA Corp.,APA,0.041593,   41.97, 48.08%
Match Group Inc.,MTCH,0.041327,   44.73, -65.23%
FLEETCOR Technologies Inc.,FLT,0.041274,   167.48, -23.14%
Cboe Global Markets Inc,CBOE,0.041231,   119.75, -6.45%
NVR Inc.,NVR,0.041104,"   3,977.85", -29.58%
Garmin Ltd.,GRMN,0.040926,   81.15, -39.11%
Leidos Holdings Inc.,LDOS,0.040905,   93.19, 5.43%
Howmet Aerospace Inc.,HWM,0.040518,   33.87, 5.59%
Pool Corporation,POOL,0.040496,   298.12, -43.66%
Etsy Inc.,ETSY,0.040446,   94.70, -54.11%
Alliant Energy Corp,LNT,0.040391,   50.35, -17.16%
Cooper Companies Inc.,COO,0.040334,   256.48, -38.30%
Host Hotels & Resorts Inc.,HST,0.039761,   17.53, 1.50%
International Paper Company,IP,0.039621,   32.56, -28.61%
NortonLifeLock Inc.,NLOK,0.039569,   21.51, -17.36%
Healthpeak Properties Inc.,PEAK,0.039565,   22.24, -35.83%
Camden Property Trust,CPT,0.039227,   112.73, -35.38%
Lamb Weston Holdings Inc.,LW,0.039206,   83.70, 34.55%
Kimco Realty Corporation,KIM,0.038593,   18.43, -20.20%
Domino's Pizza Inc.,DPZ,0.038431,   323.80, -41.72%
C.H. Robinson Worldwide Inc.,CHRW,0.038122,   93.45, -10.62%
UDR Inc.,UDR,0.038075,   38.86, -33.34%
Brown-Forman Corporation Class B,BF.B,0.038065,   64.26, -9.77%
United Airlines Holdings Inc.,UAL,0.037939,   38.99, -14.92%
Nordson Corporation,NDSN,0.037743,   216.76, -14.34%
Las Vegas Sands Corp.,LVS,0.037691,   35.50, -4.76%
PTC Inc.,PTC,0.037352,   108.62, -8.18%
Bio-Techne Corporation,TECH,0.037314,   289.00, -41.50%
ABIOMED Inc.,ABMD,0.037281,   253.24, -27.84%
Stanley Black & Decker Inc.,SWK,0.037217,   74.50, -59.00%
Snap-on Incorporated,SNA,0.037051,   207.28, 0.59%
Viatris Inc.,VTRS,0.036831,   9.38, -28.97%
SolarEdge Technologies Inc.,SEDG,0.036645,   200.00, -26.07%
Interpublic Group of Companies Inc.,IPG,0.036551,   28.49, -21.76%
Teradyne Inc.,TER,0.036515,   73.80, -55.49%
Live Nation Entertainment Inc.,LYV,0.036183,   79.62, -33.49%
Everest Re Group Ltd.,RE,0.035139,   279.00, 1.58%
Packaging Corporation of America,PKG,0.035139,   114.40, -14.29%
Masco Corporation,MAS,0.035113,   46.35, -30.70%
Advance Auto Parts Inc.,AAP,0.034639,   171.20, -27.16%
Royal Caribbean Group,RCL,0.034587,   46.70, -36.91%
Loews Corporation,L,0.034087,   54.54, -5.45%
MGM Resorts International,MGM,0.033998,   32.09, -27.43%
Seagate Technology Holdings PLC,STX,0.033713,   52.85, -53.12%
Globe Life Inc.,GL,0.033612,   112.56, 20.95%
Boston Properties Inc.,BXP,0.033505,   71.82, -35.41%
Western Digital Corporation,WDC,0.033459,   33.00, -48.46%
Charles River Laboratories International Inc.,CRL,0.032785,   200.00, -45.36%
Campbell Soup Company,CPB,0.032742,   50.88, 16.31%
NiSource Inc,NI,0.032709,   24.88, -8.48%
NRG Energy Inc.,NRG,0.032327,   41.96, -0.28%
Paramount Global Class B,PARA,0.031649,   19.11, -35.09%
Signature Bank,SBNY,0.031387,   152.29, -51.37%
CarMax Inc.,KMX,0.031325,   57.50, -53.40%
Comerica Incorporated,CMA,0.03132,   67.65, -14.55%
V.F. Corporation,VFC,0.030436,   28.66, -59.49%
Huntington Ingalls Industries Inc.,HII,0.030354,   243.14, 27.76%
Henry Schein Inc.,HSIC,0.03029,   67.68, -11.72%
Celanese Corporation,CE,0.030267,   92.59, -43.53%
PulteGroup Inc.,PHM,0.030012,   37.60, -30.67%
Teleflex Incorporated,TFX,0.029979,   197.90, -38.41%
Eastman Chemical Company,EMN,0.029596,   73.14, -37.70%
Molson Coors Beverage Company Class B,TAP,0.029586,   49.24, 6.19%
Generac Holdings Inc.,GNRC,0.029561,   110.08, -58.02%
Robert Half International Inc.,RHI,0.029117,   80.83, -25.91%
MarketAxess Holdings Inc.,MKTX,0.029027,   233.47, -41.36%
Fox Corporation Class A,FOXA,0.028639,   29.63, -20.87%
Ceridian HCM Holding Inc.,CDAY,0.028563,   57.50, -44.17%
Juniper Networks Inc.,JNPR,0.028276,   27.37, -23.16%
American Airlines Group Inc.,AAL,0.028084,   14.00, -23.72%
Bio-Rad Laboratories Inc. Class A,BIO,0.027719,   385.23, -46.17%
F5 Inc.,FFIV,0.027494,   142.40, -40.98%
Allegion Public Limited Company,ALLE,0.027053,   92.11, -28.13%
WestRock Company,WRK,0.027002,   32.20, -25.11%
Regency Centers Corporation,REG,0.026924,   54.32, -26.25%
Qorvo Inc.,QRVO,0.026846,   81.78, -48.02%
Hasbro Inc.,HAS,0.026824,   65.75, -35.39%
Caesars Entertainment Inc,CZR,0.02643,   37.20, -58.45%
Assurant Inc.,AIZ,0.026303,   151.99, -0.92%
BorgWarner Inc.,BWA,0.026016,   34.07, -24.32%
Rollins Inc.,ROL,0.025952,   36.88, 7.19%
Whirlpool Corporation,WHR,0.025801,   139.00, -38.59%
Tapestry Inc.,TPR,0.025196,   30.61, -22.93%
Carnival Corporation,CCL,0.025147,   7.66, -59.84%
Zions Bancorporation N.A.,ZION,0.025068,   51.16, -17.70%
Bath & Body Works Inc.,BBWI,0.024596,   32.53, -51.70%
Lincoln National Corporation,LNC,0.02456,   48.47, -27.41%
Fortune Brands Home & Security Inc.,FBHS,0.023879,   55.01, -46.01%
Pinnacle West Capital Corporation,PNW,0.023166,   64.05, -8.75%
Sealed Air Corporation,SEE,0.02263,   47.63, -29.39%
Pentair plc,PNR,0.022026,   40.61, -42.60%
A. O. Smith Corporation,AOS,0.021834,   50.77, -39.71%
Invesco Ltd.,IVZ,0.02173,   14.61, -35.14%
Lumen Technologies Inc.,LUMN,0.020732,   6.85, -43.59%
Federal Realty Investment Trust,FRT,0.020701,   91.23, -31.72%
DXC Technology Co.,DXC,0.020618,   28.14, -12.89%
Universal Health Services Inc. Class B,UHS,0.020455,   95.05, -26.26%
DENTSPLY SIRONA Inc.,XRAY,0.020359,   28.82, -47.30%
News Corporation Class A,NWSA,0.020282,   16.59, -27.16%
Franklin Resources Inc.,BEN,0.019638,   22.25, -32.76%
Organon & Co.,OGN,0.019521,   23.57, -20.62%
Wynn Resorts Limited,WYNN,0.018999,   54.45, -33.45%
Norwegian Cruise Line Holdings Ltd.,NCLH,0.018986,   13.91, -31.00%
Newell Brands Inc,NWL,0.01837,   15.03, -30.31%
Alaska Air Group Inc.,ALK,0.01679,   42.10, -18.73%
Mohawk Industries Inc.,MHK,0.016242,   94.95, -45.74%
DaVita Inc.,DVA,0.016038,   90.67, -20.89%
Ralph Lauren Corporation Class A,RL,0.012961,   91.78, -20.55%
Fox Corporation Class B,FOX,0.012947,   27.66, -19.52%
Vornado Realty Trust,VNO,0.011427,   22.08, -45.53%
DISH Network Corporation Class A,DISH,0.011181,   13.54, -56.38%
News Corporation Class B,NWS,0.006445,   16.30, -26.80%
